customer_id,name,email,created_at
84759225-97dd-4e60-8368-a8613193e67c,Allison Hill,donaldgarcia@example.net,2025-10-13 02:43:47.082656
96e4965b-3d8d-4f1e-8762-944345a655da,Javier Johnson,jesseguzman@example.net,2025-02-01 21:03:39.249579
927116fa-816e-4d92-af3d-a0d470394920,Kimberly Robinson,lisa02@example.net,2025-04-24 14:38:02.992329
bb9a92be-3159-456b-b941-63c5af30c81d,Daniel Gallagher,daviscolin@example.com,2025-06-29 18:12:54.988173
1c32496a-63c4-40c3-87b9-e7fcd8922db6,Monica Herrera,smiller@example.net,2025-07-05 03:53:36.536144
fffd623a-f269-43ac-a67a-ccb5fc44f472,Laura Bush,stanleykendra@example.org,2025-09-29 15:36:27.518197
c7382d2f-d938-4f3a-9867-ac39c48ef6c7,Jamie Chavez,francisco53@example.net,2025-02-26 18:21:40.648259
7563352e-1158-430b-9991-723de13df6d7,Maria Lynch,amandasanchez@example.com,2025-04-08 20:18:47.199309
a34423ab-40ca-44ec-997a-07312e2209ca,Margaret Hawkins DDS,perezantonio@example.com,2025-04-16 18:36:43.276560
f2e493fc-9e13-4503-babe-e19d5a9be096,Thomas Bradley,jason76@example.net,2025-05-07 20:16:58.775212
547ba206-94b4-463c-904d-0fcb2600cdcb,David Hoffman,julie69@example.com,2025-04-02 11:16:18.207209
a5f69f78-3158-44fd-80f3-a97933718c6a,Brenda Snyder PhD,hernandezernest@example.net,2025-04-24 10:39:02.622066
8c7cccec-cdce-41ba-8bdc-f4e47d36e0cb,James Ferrell,tasha01@example.net,2025-10-10 09:56:27.536573
006708c4-b1ee-4723-9b46-7e33017256a1,Patricia Peterson,ryan70@example.net,2025-10-07 03:36:52.014338
11abdbeb-95e6-4be8-b993-d27c90a1d9a2,Jonathan White,harrellkenneth@example.net,2025-05-25 16:08:55.543567
1fc068ca-ce89-4f27-83ee-f3fd15bc85c9,James Martin,georgetracy@example.org,2025-10-26 14:21:11.751428
516e29a6-732f-4c55-8eab-5a3e86d56b26,Sandra Parker,allenashley@example.org,2024-12-22 12:54:55.374395
88f06737-46dd-4434-a50c-aaffeab6f3e5,Mr. Philip Cannon,donnaarroyo@example.org,2025-02-26 01:31:14.064511
9ceff14c-f8dd-4b6f-b5f9-ff05ba88501b,Jenny Lewis,jenniferross@example.net,2025-07-16 14:46:22.297121
fb57552c-582a-4c02-b343-b4b054c7d38d,Joseph Martinez,calebsmith@example.net,2025-02-13 07:13:41.866261
